{
  "experiment": "A60_conformal_relative_token_profile_group_completion",
  "fixed_seed": 20260719,
  "evaluation": "TopK45, selection=0.55, occupancy=0.7",
  "codebook_contract": "read-only reuse of freshly retrained independent L0-L3 codebooks",
  "profile_contract": {
    "four_equal_resident_tokens": true,
    "query_response_profile": "per-Gaussian L0-L3 scores normalized by local maximum",
    "adaptive_radius": "seed 0.90 quantile plus 0.03 margin",
    "minimum_common_slots": 2,
    "resident_tokens_unchanged": true
  },
  "scenes": {
    "ramen": {
      "reference": {
        "mIoU": 0.30879831239200506,
        "mAcc@0.25": 0.36619718309859156,
        "mAcc@0.5": 0.29577464788732394,
        "per_category": {
          "bowl": 0.3783063588616396,
          "chopsticks": 0.9061981024773703,
          "corn": 0.0,
          "egg": 0.09283437798257428,
          "glass of water": 0.5739225429114274,
          "hand": 0.20971444311817097,
          "kamaboko": 0.0,
          "napkin": 0.30860343457197953,
          "nori": 0.8636493270885488,
          "onion segments": 0.0,
          "plate": 0.7759015216069436,
          "sake cup": 0.08312578362295005,
          "spoon": 0.09314193820446504,
          "wavy noodles": 0.1669719561997045
        }
      },
      "a55": {
        "mIoU": 0.3236133292130107,
        "mAcc@0.25": 0.39436619718309857,
        "mAcc@0.5": 0.30985915492957744,
        "per_category": {
          "bowl": 0.558637177893832,
          "chopsticks": 0.9061981024773703,
          "corn": 0.0,
          "egg": 0.09682698354998649,
          "glass of water": 0.5739225429114274,
          "hand": 0.2970862257946657,
          "kamaboko": 0.0,
          "napkin": 0.30860343457197953,
          "nori": 0.8646639351145367,
          "onion segments": 0.0,
          "plate": 0.7762196937053945,
          "sake cup": 0.07826326254228598,
          "spoon": 0.12149537191262078,
          "wavy noodles": 0.1669719561997045
        }
      },
      "a57": {
        "mIoU": 0.3223651058742005,
        "mAcc@0.25": 0.39436619718309857,
        "mAcc@0.5": 0.30985915492957744,
        "per_category": {
          "bowl": 0.5584529994830028,
          "chopsticks": 0.8900691374338019,
          "corn": 0.0,
          "egg": 0.09572893253125257,
          "glass of water": 0.5742649020153527,
          "hand": 0.3212809448103566,
          "kamaboko": 0.0,
          "napkin": 0.3093894608819452,
          "nori": 0.8648462816445179,
          "onion segments": 0.0,
          "plate": 0.7786239478209342,
          "sake cup": 0.07716114695598995,
          "spoon": 0.12148446018116774,
          "wavy noodles": 0.1669719561997045
        }
      },
      "a60": {
        "mIoU": 0.3240518559887521,
        "mAcc@0.25": 0.39436619718309857,
        "mAcc@0.5": 0.30985915492957744,
        "per_category": {
          "bowl": 0.5584539435867992,
          "chopsticks": 0.9069512412115597,
          "corn": 0.0,
          "egg": 0.09572893253125257,
          "glass of water": 0.5742649020153527,
          "hand": 0.3212809448103566,
          "kamaboko": 0.0,
          "napkin": 0.30934362086360917,
          "nori": 0.8648766029834488,
          "onion segments": 0.0,
          "plate": 0.7788889515194102,
          "sake cup": 0.07725565836166871,
          "spoon": 0.12148446018116774,
          "wavy noodles": 0.1669719561997045
        }
      },
      "delta_from_reference": {
        "mIoU": 0.015253543596747021,
        "mAcc@0.25": 0.028169014084507005,
        "mAcc@0.5": 0.014084507042253502
      },
      "delta_from_a55": {
        "mIoU": 0.0004385267757413547,
        "mAcc@0.25": 0.0,
        "mAcc@0.5": 0.0
      },
      "delta_from_a57": {
        "mIoU": 0.001686750114551605,
        "mAcc@0.25": 0.0,
        "mAcc@0.5": 0.0
      }
    },
    "figurines": {
      "reference": {
        "mIoU": 0.5674774796507783,
        "mAcc@0.25": 0.8571428571428571,
        "mAcc@0.5": 0.5714285714285714,
        "per_category": {
          "bag": 0.0,
          "green apple": 0.5579888693260023,
          "green toy chair": 0.8580558416508235,
          "jake": 0.30103385231167773,
          "miffy": 0.0,
          "old camera": 0.3958311928844842,
          "pikachu": 0.3558456716581987,
          "pink ice cream": 0.9048825806230547,
          "pirate hat": 0.0,
          "porcelain hand": 0.8206585806499658,
          "pumpkin": 0.47292161520190024,
          "red apple": 0.9184248017555365,
          "red toy chair": 0.8418765591051742,
          "rubber duck with buoy": 0.5297386470731255,
          "rubber duck with hat": 0.5344948469719399,
          "rubics cube": 0.9104431589374928,
          "spatula": 0.6017419259310214,
          "tesla door handle": 0.526709997105813,
          "toy cat statue": 0.5289305493335801,
          "toy elephant": 0.9224532600414732,
          "waldo": 0.7034557171636137
        }
      },
      "a55": {
        "mIoU": 0.5664250897368236,
        "mAcc@0.25": 0.8571428571428571,
        "mAcc@0.5": 0.5714285714285714,
        "per_category": {
          "bag": 0.0,
          "green apple": 0.5579888693260023,
          "green toy chair": 0.8580558416508235,
          "jake": 0.2813892405845216,
          "miffy": 0.0,
          "old camera": 0.3958311928844842,
          "pikachu": 0.3558456716581987,
          "pink ice cream": 0.9048825806230547,
          "pirate hat": 0.0,
          "porcelain hand": 0.8206585806499658,
          "pumpkin": 0.47292161520190024,
          "red apple": 0.9184248017555365,
          "red toy chair": 0.8418765591051742,
          "rubber duck with buoy": 0.5297386470731255,
          "rubber duck with hat": 0.5344948469719399,
          "rubics cube": 0.9104431589374928,
          "spatula": 0.6017419259310214,
          "tesla door handle": 0.526709997105813,
          "toy cat statue": 0.5289305493335801,
          "toy elephant": 0.9224532600414732,
          "waldo": 0.7034557171636137
        }
      },
      "a57": {
        "mIoU": 0.5736579596957523,
        "mAcc@0.25": 0.8571428571428571,
        "mAcc@0.5": 0.5892857142857143,
        "per_category": {
          "bag": 0.0,
          "green apple": 0.5579888693260023,
          "green toy chair": 0.8580558416508235,
          "jake": 0.2813892405845216,
          "miffy": 0.0,
          "old camera": 0.3959235828328251,
          "pikachu": 0.4652033716024575,
          "pink ice cream": 0.9042927297415423,
          "pirate hat": 0.0,
          "porcelain hand": 0.8206585806499658,
          "pumpkin": 0.47292161520190024,
          "red apple": 0.9184248017555365,
          "red toy chair": 0.8418765591051742,
          "rubber duck with buoy": 0.5297386470731255,
          "rubber duck with hat": 0.5344948469719399,
          "rubics cube": 0.9293370398162676,
          "spatula": 0.6017419259310214,
          "tesla door handle": 0.526709997105813,
          "toy cat statue": 0.5815319848929451,
          "toy elephant": 0.9135638438070016,
          "waldo": 0.7034557171636137
        }
      },
      "a60": {
        "mIoU": 0.574141211932665,
        "mAcc@0.25": 0.8571428571428571,
        "mAcc@0.5": 0.5892857142857143,
        "per_category": {
          "bag": 0.0,
          "green apple": 0.5579888693260023,
          "green toy chair": 0.8580558416508235,
          "jake": 0.2813892405845216,
          "miffy": 0.0,
          "old camera": 0.3959235828328251,
          "pikachu": 0.46461437304269215,
          "pink ice cream": 0.9048825806230547,
          "pirate hat": 0.0,
          "porcelain hand": 0.8206585806499658,
          "pumpkin": 0.47292161520190024,
          "red apple": 0.9184248017555365,
          "red toy chair": 0.8418765591051742,
          "rubber duck with buoy": 0.5297386470731255,
          "rubber duck with hat": 0.5344948469719399,
          "rubics cube": 0.9292711468291627,
          "spatula": 0.6017419259310214,